Type	Accession	Unique Name
Experiment	EGAX00002485888	ena-EXPERIMENT-ErasmusMC-12-07-2021-10:03:14:913-1
Experiment	EGAX00002485889	ena-EXPERIMENT-ErasmusMC-12-07-2021-10:03:14:913-2
Experiment	EGAX00002485890	ena-EXPERIMENT-ErasmusMC-12-07-2021-10:03:14:913-3
Experiment	EGAX00002485891	ena-EXPERIMENT-ErasmusMC-12-07-2021-10:03:14:913-4
Experiment	EGAX00002485892	ena-EXPERIMENT-ErasmusMC-12-07-2021-10:03:14:913-5
Experiment	EGAX00002485893	ena-EXPERIMENT-ErasmusMC-12-07-2021-10:03:14:913-6
Experiment	EGAX00002485894	ena-EXPERIMENT-ErasmusMC-12-07-2021-10:03:14:913-7
Experiment	EGAX00002485895	ena-EXPERIMENT-ErasmusMC-12-07-2021-10:03:14:914-8
Experiment	EGAX00002485896	ena-EXPERIMENT-ErasmusMC-12-07-2021-10:03:14:914-9
Experiment	EGAX00002485897	ena-EXPERIMENT-ErasmusMC-12-07-2021-10:03:14:914-10
Experiment	EGAX00002485898	ena-EXPERIMENT-ErasmusMC-12-07-2021-10:03:14:914-11
Experiment	EGAX00002485899	ena-EXPERIMENT-ErasmusMC-12-07-2021-10:03:14:914-12
Experiment	EGAX00002485900	ena-EXPERIMENT-ErasmusMC-12-07-2021-10:03:14:914-13
Experiment	EGAX00002485901	ena-EXPERIMENT-ErasmusMC-12-07-2021-10:03:14:914-14
Experiment	EGAX00002485902	ena-EXPERIMENT-ErasmusMC-12-07-2021-10:03:14:914-15
Experiment	EGAX00002485903	ena-EXPERIMENT-ErasmusMC-12-07-2021-10:03:14:914-16
Experiment	EGAX00002485904	ena-EXPERIMENT-ErasmusMC-12-07-2021-10:03:14:914-17
Experiment	EGAX00002485905	ena-EXPERIMENT-ErasmusMC-12-07-2021-10:03:14:914-18
Experiment	EGAX00002485906	ena-EXPERIMENT-ErasmusMC-12-07-2021-10:03:14:914-19
Experiment	EGAX00002485907	ena-EXPERIMENT-ErasmusMC-12-07-2021-10:03:14:914-20
Experiment	EGAX00002485908	ena-EXPERIMENT-ErasmusMC-12-07-2021-10:03:14:914-21
Experiment	EGAX00002485909	ena-EXPERIMENT-ErasmusMC-12-07-2021-10:03:14:914-22
Experiment	EGAX00002485910	ena-EXPERIMENT-ErasmusMC-12-07-2021-10:03:14:914-23
Experiment	EGAX00002485911	ena-EXPERIMENT-ErasmusMC-12-07-2021-10:03:14:914-24
Experiment	EGAX00002485912	ena-EXPERIMENT-ErasmusMC-12-07-2021-10:03:14:914-25
Experiment	EGAX00002485913	ena-EXPERIMENT-ErasmusMC-12-07-2021-10:03:14:914-26
Experiment	EGAX00002485914	ena-EXPERIMENT-ErasmusMC-12-07-2021-10:03:14:914-27
Experiment	EGAX00002485915	ena-EXPERIMENT-ErasmusMC-12-07-2021-10:03:14:914-28
Experiment	EGAX00002485916	ena-EXPERIMENT-ErasmusMC-12-07-2021-10:03:14:914-29
Experiment	EGAX00002485917	ena-EXPERIMENT-ErasmusMC-12-07-2021-10:03:14:915-30
Experiment	EGAX00002485918	ena-EXPERIMENT-ErasmusMC-12-07-2021-10:03:14:915-31
Experiment	EGAX00002485919	ena-EXPERIMENT-ErasmusMC-12-07-2021-10:03:14:915-32
Experiment	EGAX00002485920	ena-EXPERIMENT-ErasmusMC-12-07-2021-10:03:14:915-33
Experiment	EGAX00002485921	ena-EXPERIMENT-ErasmusMC-12-07-2021-10:03:14:915-34
Experiment	EGAX00002485922	ena-EXPERIMENT-ErasmusMC-12-07-2021-10:03:14:915-35
Experiment	EGAX00002485923	ena-EXPERIMENT-ErasmusMC-12-07-2021-10:03:14:915-36
Experiment	EGAX00002485924	ena-EXPERIMENT-ErasmusMC-12-07-2021-10:03:14:915-37
Experiment	EGAX00002485925	ena-EXPERIMENT-ErasmusMC-12-07-2021-10:03:14:915-38
Experiment	EGAX00002485926	ena-EXPERIMENT-ErasmusMC-12-07-2021-10:03:14:915-39
Experiment	EGAX00002485927	ena-EXPERIMENT-ErasmusMC-12-07-2021-10:03:14:915-40
Experiment	EGAX00002485928	ena-EXPERIMENT-ErasmusMC-12-07-2021-10:03:14:915-41
Experiment	EGAX00002485929	ena-EXPERIMENT-ErasmusMC-12-07-2021-10:03:14:915-42
Experiment	EGAX00002485930	ena-EXPERIMENT-ErasmusMC-12-07-2021-10:03:14:915-43
Experiment	EGAX00002485931	ena-EXPERIMENT-ErasmusMC-12-07-2021-10:03:14:915-44
Experiment	EGAX00002485932	ena-EXPERIMENT-ErasmusMC-12-07-2021-10:03:14:915-45
Experiment	EGAX00002485933	ena-EXPERIMENT-ErasmusMC-12-07-2021-10:03:14:915-46
Experiment	EGAX00002485934	ena-EXPERIMENT-ErasmusMC-12-07-2021-10:03:14:915-47
Experiment	EGAX00002485935	ena-EXPERIMENT-ErasmusMC-12-07-2021-10:03:14:915-48
Experiment	EGAX00002485936	ena-EXPERIMENT-ErasmusMC-12-07-2021-10:03:14:915-49
Experiment	EGAX00002485937	ena-EXPERIMENT-ErasmusMC-12-07-2021-10:03:14:915-50
Experiment	EGAX00002485938	ena-EXPERIMENT-ErasmusMC-12-07-2021-10:03:14:915-51
Experiment	EGAX00002485939	ena-EXPERIMENT-ErasmusMC-12-07-2021-10:03:14:915-52
Experiment	EGAX00002485940	ena-EXPERIMENT-ErasmusMC-12-07-2021-10:03:14:915-53
Experiment	EGAX00002485941	ena-EXPERIMENT-ErasmusMC-12-07-2021-10:03:14:915-54
Experiment	EGAX00002485942	ena-EXPERIMENT-ErasmusMC-12-07-2021-10:03:14:915-55
Experiment	EGAX00002485943	ena-EXPERIMENT-ErasmusMC-12-07-2021-10:03:14:915-56
Experiment	EGAX00002485944	ena-EXPERIMENT-ErasmusMC-12-07-2021-10:03:14:915-57
Experiment	EGAX00002485945	ena-EXPERIMENT-ErasmusMC-12-07-2021-10:03:14:916-58
Experiment	EGAX00002485946	ena-EXPERIMENT-ErasmusMC-12-07-2021-10:03:14:916-59
Experiment	EGAX00002485947	ena-EXPERIMENT-ErasmusMC-12-07-2021-10:03:14:916-60
Experiment	EGAX00002485948	ena-EXPERIMENT-ErasmusMC-12-07-2021-10:03:14:916-61
Experiment	EGAX00002485949	ena-EXPERIMENT-ErasmusMC-12-07-2021-10:03:14:916-62
Experiment	EGAX00002485950	ena-EXPERIMENT-ErasmusMC-12-07-2021-10:03:14:916-63
Experiment	EGAX00002485951	ena-EXPERIMENT-ErasmusMC-12-07-2021-10:03:14:916-64
Experiment	EGAX00002485952	ena-EXPERIMENT-ErasmusMC-12-07-2021-10:03:14:916-65
Experiment	EGAX00002485953	ena-EXPERIMENT-ErasmusMC-12-07-2021-10:03:14:916-66
Experiment	EGAX00002485954	ena-EXPERIMENT-ErasmusMC-12-07-2021-10:03:14:916-67
Experiment	EGAX00002485955	ena-EXPERIMENT-ErasmusMC-12-07-2021-10:03:14:916-68
Experiment	EGAX00002485956	ena-EXPERIMENT-ErasmusMC-12-07-2021-10:03:14:916-69
Experiment	EGAX00002485957	ena-EXPERIMENT-ErasmusMC-12-07-2021-10:03:14:916-70
Experiment	EGAX00002485958	ena-EXPERIMENT-ErasmusMC-12-07-2021-10:03:14:916-71
Experiment	EGAX00002485959	ena-EXPERIMENT-ErasmusMC-12-07-2021-10:03:14:916-72
Experiment	EGAX00002485960	ena-EXPERIMENT-ErasmusMC-12-07-2021-10:03:14:916-73
Experiment	EGAX00002485961	ena-EXPERIMENT-ErasmusMC-12-07-2021-10:03:14:916-74
Experiment	EGAX00002485962	ena-EXPERIMENT-ErasmusMC-12-07-2021-10:03:14:916-75
Experiment	EGAX00002485963	ena-EXPERIMENT-ErasmusMC-12-07-2021-10:03:14:916-76
Experiment	EGAX00002485964	ena-EXPERIMENT-ErasmusMC-12-07-2021-10:03:14:916-77
Experiment	EGAX00002485965	ena-EXPERIMENT-ErasmusMC-12-07-2021-10:03:14:916-78
Experiment	EGAX00002485966	ena-EXPERIMENT-ErasmusMC-12-07-2021-10:03:14:916-79
Experiment	EGAX00002485967	ena-EXPERIMENT-ErasmusMC-12-07-2021-10:03:14:916-80
Experiment	EGAX00002485968	ena-EXPERIMENT-ErasmusMC-12-07-2021-10:03:14:916-81
Experiment	EGAX00002485969	ena-EXPERIMENT-ErasmusMC-12-07-2021-10:03:14:916-82
Experiment	EGAX00002485970	ena-EXPERIMENT-ErasmusMC-12-07-2021-10:03:14:916-83
Experiment	EGAX00002485971	ena-EXPERIMENT-ErasmusMC-12-07-2021-10:03:14:916-84
Experiment	EGAX00002485972	ena-EXPERIMENT-ErasmusMC-12-07-2021-10:03:14:917-85
Experiment	EGAX00002485973	ena-EXPERIMENT-ErasmusMC-12-07-2021-10:03:14:917-86
Experiment	EGAX00002485974	ena-EXPERIMENT-ErasmusMC-12-07-2021-10:03:14:917-87
Experiment	EGAX00002485975	ena-EXPERIMENT-ErasmusMC-12-07-2021-10:03:14:917-88
Experiment	EGAX00002485976	ena-EXPERIMENT-ErasmusMC-12-07-2021-10:03:14:917-89
Experiment	EGAX00002485977	ena-EXPERIMENT-ErasmusMC-12-07-2021-10:03:14:917-90
Experiment	EGAX00002485978	ena-EXPERIMENT-ErasmusMC-12-07-2021-10:03:14:917-91
Experiment	EGAX00002485979	ena-EXPERIMENT-ErasmusMC-12-07-2021-10:03:14:917-92
Experiment	EGAX00002485980	ena-EXPERIMENT-ErasmusMC-12-07-2021-10:03:14:917-93
Experiment	EGAX00002485981	ena-EXPERIMENT-ErasmusMC-12-07-2021-10:03:14:917-94
Experiment	EGAX00002485982	ena-EXPERIMENT-ErasmusMC-12-07-2021-10:03:14:917-95
Experiment	EGAX00002485983	ena-EXPERIMENT-ErasmusMC-12-07-2021-10:03:14:917-96
Experiment	EGAX00002485984	ena-EXPERIMENT-ErasmusMC-12-07-2021-10:03:14:917-97
Experiment	EGAX00002485985	ena-EXPERIMENT-ErasmusMC-12-07-2021-10:03:14:917-98
Experiment	EGAX00002485986	ena-EXPERIMENT-ErasmusMC-12-07-2021-10:03:14:917-99
Experiment	EGAX00002485987	ena-EXPERIMENT-ErasmusMC-12-07-2021-10:03:14:917-100
Experiment	EGAX00002485988	ena-EXPERIMENT-ErasmusMC-12-07-2021-10:03:14:917-101
Experiment	EGAX00002485989	ena-EXPERIMENT-ErasmusMC-12-07-2021-10:03:14:917-102
Experiment	EGAX00002485990	ena-EXPERIMENT-ErasmusMC-12-07-2021-10:03:14:917-103
Experiment	EGAX00002485991	ena-EXPERIMENT-ErasmusMC-12-07-2021-10:03:14:917-104
Experiment	EGAX00002485992	ena-EXPERIMENT-ErasmusMC-12-07-2021-10:03:14:917-105
Experiment	EGAX00002485993	ena-EXPERIMENT-ErasmusMC-12-07-2021-10:03:14:917-106
Experiment	EGAX00002485994	ena-EXPERIMENT-ErasmusMC-12-07-2021-10:03:14:917-107
Experiment	EGAX00002485995	ena-EXPERIMENT-ErasmusMC-12-07-2021-10:03:14:917-108
Experiment	EGAX00002485996	ena-EXPERIMENT-ErasmusMC-12-07-2021-10:03:14:917-109
Experiment	EGAX00002485997	ena-EXPERIMENT-ErasmusMC-12-07-2021-10:03:14:917-110
Experiment	EGAX00002485998	ena-EXPERIMENT-ErasmusMC-12-07-2021-10:03:14:917-111
Experiment	EGAX00002485999	ena-EXPERIMENT-ErasmusMC-12-07-2021-10:03:14:917-112
Experiment	EGAX00002486000	ena-EXPERIMENT-ErasmusMC-12-07-2021-10:03:14:917-113
Experiment	EGAX00002486001	ena-EXPERIMENT-ErasmusMC-12-07-2021-10:03:14:918-114
Experiment	EGAX00002486002	ena-EXPERIMENT-ErasmusMC-12-07-2021-10:03:14:918-115
Experiment	EGAX00002486003	ena-EXPERIMENT-ErasmusMC-12-07-2021-10:03:14:918-116
Experiment	EGAX00002486004	ena-EXPERIMENT-ErasmusMC-12-07-2021-10:03:14:918-117
Experiment	EGAX00002486005	ena-EXPERIMENT-ErasmusMC-12-07-2021-10:03:14:918-118
Experiment	EGAX00002486006	ena-EXPERIMENT-ErasmusMC-12-07-2021-10:03:14:918-119
Experiment	EGAX00002486007	ena-EXPERIMENT-ErasmusMC-12-07-2021-10:03:14:918-120
Experiment	EGAX00002486008	ena-EXPERIMENT-ErasmusMC-12-07-2021-10:03:14:918-121
Experiment	EGAX00002486009	ena-EXPERIMENT-ErasmusMC-12-07-2021-10:03:14:918-122
Experiment	EGAX00002486010	ena-EXPERIMENT-ErasmusMC-12-07-2021-10:03:14:918-123
Experiment	EGAX00002486011	ena-EXPERIMENT-ErasmusMC-12-07-2021-10:03:14:918-124
Experiment	EGAX00002486012	ena-EXPERIMENT-ErasmusMC-12-07-2021-10:03:14:918-125
Experiment	EGAX00002486013	ena-EXPERIMENT-ErasmusMC-12-07-2021-10:03:14:918-126
Experiment	EGAX00002486014	ena-EXPERIMENT-ErasmusMC-12-07-2021-10:03:14:918-127
Experiment	EGAX00002486015	ena-EXPERIMENT-ErasmusMC-12-07-2021-10:03:14:918-128
Experiment	EGAX00002486016	ena-EXPERIMENT-ErasmusMC-12-07-2021-10:03:14:918-129
Experiment	EGAX00002486017	ena-EXPERIMENT-ErasmusMC-12-07-2021-10:03:14:918-130
Experiment	EGAX00002486018	ena-EXPERIMENT-ErasmusMC-12-07-2021-10:03:14:918-131
Experiment	EGAX00002486019	ena-EXPERIMENT-ErasmusMC-12-07-2021-10:03:14:918-132
Experiment	EGAX00002486020	ena-EXPERIMENT-ErasmusMC-12-07-2021-10:03:14:918-133
Experiment	EGAX00002486021	ena-EXPERIMENT-ErasmusMC-12-07-2021-10:03:14:918-134
Experiment	EGAX00002486022	ena-EXPERIMENT-ErasmusMC-12-07-2021-10:03:14:918-135
Experiment	EGAX00002486023	ena-EXPERIMENT-ErasmusMC-12-07-2021-10:03:14:918-136
Experiment	EGAX00002486024	ena-EXPERIMENT-ErasmusMC-12-07-2021-10:03:14:918-137
Experiment	EGAX00002486025	ena-EXPERIMENT-ErasmusMC-12-07-2021-10:03:14:918-138
Experiment	EGAX00002486026	ena-EXPERIMENT-ErasmusMC-12-07-2021-10:03:14:918-139
Experiment	EGAX00002486027	ena-EXPERIMENT-ErasmusMC-12-07-2021-10:03:14:918-140
Experiment	EGAX00002486028	ena-EXPERIMENT-ErasmusMC-12-07-2021-10:03:14:918-141
Experiment	EGAX00002486029	ena-EXPERIMENT-ErasmusMC-12-07-2021-10:03:14:918-142
Experiment	EGAX00002486030	ena-EXPERIMENT-ErasmusMC-12-07-2021-10:03:14:919-143
Experiment	EGAX00002486031	ena-EXPERIMENT-ErasmusMC-12-07-2021-10:03:14:919-144
Experiment	EGAX00002486032	ena-EXPERIMENT-ErasmusMC-12-07-2021-10:03:14:919-145
Experiment	EGAX00002486033	ena-EXPERIMENT-ErasmusMC-12-07-2021-10:03:14:919-146
Experiment	EGAX00002486034	ena-EXPERIMENT-ErasmusMC-12-07-2021-10:03:14:919-147
Experiment	EGAX00002486035	ena-EXPERIMENT-ErasmusMC-12-07-2021-10:03:14:919-148
Experiment	EGAX00002486036	ena-EXPERIMENT-ErasmusMC-12-07-2021-10:03:14:919-149
Experiment	EGAX00002486037	ena-EXPERIMENT-ErasmusMC-12-07-2021-10:03:14:919-150
Experiment	EGAX00002486038	ena-EXPERIMENT-ErasmusMC-12-07-2021-10:03:14:919-151
Experiment	EGAX00002486039	ena-EXPERIMENT-ErasmusMC-12-07-2021-10:03:14:919-152
Experiment	EGAX00002486040	ena-EXPERIMENT-ErasmusMC-12-07-2021-10:03:14:919-153
Experiment	EGAX00002486041	ena-EXPERIMENT-ErasmusMC-12-07-2021-10:03:14:919-154
Experiment	EGAX00002486042	ena-EXPERIMENT-ErasmusMC-12-07-2021-10:03:14:919-155
Experiment	EGAX00002486043	ena-EXPERIMENT-ErasmusMC-12-07-2021-10:03:14:919-156
Experiment	EGAX00002486044	ena-EXPERIMENT-ErasmusMC-12-07-2021-10:03:14:919-157
Experiment	EGAX00002486045	ena-EXPERIMENT-ErasmusMC-12-07-2021-10:03:14:919-158
Experiment	EGAX00002486046	ena-EXPERIMENT-ErasmusMC-12-07-2021-10:03:14:919-159
Experiment	EGAX00002486047	ena-EXPERIMENT-ErasmusMC-12-07-2021-10:03:14:919-160
Experiment	EGAX00002486048	ena-EXPERIMENT-ErasmusMC-12-07-2021-10:03:14:919-161
Experiment	EGAX00002486049	ena-EXPERIMENT-ErasmusMC-12-07-2021-10:03:14:919-162
Experiment	EGAX00002486050	ena-EXPERIMENT-ErasmusMC-12-07-2021-10:03:14:919-163
Experiment	EGAX00002486051	ena-EXPERIMENT-ErasmusMC-12-07-2021-10:03:14:919-164
Experiment	EGAX00002486052	ena-EXPERIMENT-ErasmusMC-12-07-2021-10:03:14:919-165
Experiment	EGAX00002486053	ena-EXPERIMENT-ErasmusMC-12-07-2021-10:03:14:919-166
Experiment	EGAX00002486054	ena-EXPERIMENT-ErasmusMC-12-07-2021-10:03:14:919-167
Experiment	EGAX00002486055	ena-EXPERIMENT-ErasmusMC-12-07-2021-10:03:14:919-168
Experiment	EGAX00002486056	ena-EXPERIMENT-ErasmusMC-12-07-2021-10:03:14:919-169
Experiment	EGAX00002486057	ena-EXPERIMENT-ErasmusMC-12-07-2021-10:03:14:919-170
Experiment	EGAX00002486058	ena-EXPERIMENT-ErasmusMC-12-07-2021-10:03:14:919-171
Experiment	EGAX00002486059	ena-EXPERIMENT-ErasmusMC-12-07-2021-10:03:14:920-172
Experiment	EGAX00002486060	ena-EXPERIMENT-ErasmusMC-12-07-2021-10:03:14:920-173
Experiment	EGAX00002486061	ena-EXPERIMENT-ErasmusMC-12-07-2021-10:03:14:920-174
Experiment	EGAX00002486062	ena-EXPERIMENT-ErasmusMC-12-07-2021-10:03:14:920-175
Experiment	EGAX00002486063	ena-EXPERIMENT-ErasmusMC-12-07-2021-10:03:14:920-176
Experiment	EGAX00002486064	ena-EXPERIMENT-ErasmusMC-12-07-2021-10:03:14:920-177
Experiment	EGAX00002486065	ena-EXPERIMENT-ErasmusMC-12-07-2021-10:03:14:920-178
Experiment	EGAX00002486066	ena-EXPERIMENT-ErasmusMC-12-07-2021-10:03:14:920-179
Experiment	EGAX00002486067	ena-EXPERIMENT-ErasmusMC-12-07-2021-10:03:14:920-180
Experiment	EGAX00002486068	ena-EXPERIMENT-ErasmusMC-12-07-2021-10:03:14:920-181
Experiment	EGAX00002486069	ena-EXPERIMENT-ErasmusMC-12-07-2021-10:03:14:920-182
Experiment	EGAX00002486070	ena-EXPERIMENT-ErasmusMC-12-07-2021-10:03:14:920-183
Experiment	EGAX00002486071	ena-EXPERIMENT-ErasmusMC-12-07-2021-10:03:14:920-184
Experiment	EGAX00002486072	ena-EXPERIMENT-ErasmusMC-12-07-2021-10:03:14:920-185
Experiment	EGAX00002486073	ena-EXPERIMENT-ErasmusMC-12-07-2021-10:03:14:920-186
Experiment	EGAX00002486074	ena-EXPERIMENT-ErasmusMC-12-07-2021-10:03:14:920-187
Experiment	EGAX00002486075	ena-EXPERIMENT-ErasmusMC-12-07-2021-10:03:14:920-188
Experiment	EGAX00002486076	ena-EXPERIMENT-ErasmusMC-12-07-2021-10:03:14:920-189
Experiment	EGAX00002486077	ena-EXPERIMENT-ErasmusMC-12-07-2021-10:03:14:920-190
Experiment	EGAX00002486078	ena-EXPERIMENT-ErasmusMC-12-07-2021-10:03:14:920-191
Experiment	EGAX00002486079	ena-EXPERIMENT-ErasmusMC-12-07-2021-10:03:14:920-192
Experiment	EGAX00002486080	ena-EXPERIMENT-ErasmusMC-12-07-2021-10:03:14:920-193
Experiment	EGAX00002486081	ena-EXPERIMENT-ErasmusMC-12-07-2021-10:03:14:920-194
Experiment	EGAX00002486082	ena-EXPERIMENT-ErasmusMC-12-07-2021-10:03:14:920-195
Experiment	EGAX00002486083	ena-EXPERIMENT-ErasmusMC-12-07-2021-10:03:14:920-196
Experiment	EGAX00002486084	ena-EXPERIMENT-ErasmusMC-12-07-2021-10:03:14:920-197
Experiment	EGAX00002486085	ena-EXPERIMENT-ErasmusMC-12-07-2021-10:03:14:920-198
Experiment	EGAX00002486086	ena-EXPERIMENT-ErasmusMC-12-07-2021-10:03:14:920-199
Experiment	EGAX00002486087	ena-EXPERIMENT-ErasmusMC-12-07-2021-10:03:14:921-200
Experiment	EGAX00002486088	ena-EXPERIMENT-ErasmusMC-12-07-2021-10:03:14:921-201
Experiment	EGAX00002486089	ena-EXPERIMENT-ErasmusMC-12-07-2021-10:03:14:921-202
Experiment	EGAX00002486090	ena-EXPERIMENT-ErasmusMC-12-07-2021-10:03:14:921-203
Experiment	EGAX00002486091	ena-EXPERIMENT-ErasmusMC-12-07-2021-10:03:14:921-204
Experiment	EGAX00002486092	ena-EXPERIMENT-ErasmusMC-12-07-2021-10:03:14:921-205
Experiment	EGAX00002486093	ena-EXPERIMENT-ErasmusMC-12-07-2021-10:03:14:921-206
Experiment	EGAX00002486094	ena-EXPERIMENT-ErasmusMC-12-07-2021-10:03:14:921-207
Experiment	EGAX00002486095	ena-EXPERIMENT-ErasmusMC-12-07-2021-10:03:14:921-208
Experiment	EGAX00002486096	ena-EXPERIMENT-ErasmusMC-12-07-2021-10:03:14:921-209
Experiment	EGAX00002486097	ena-EXPERIMENT-ErasmusMC-12-07-2021-10:03:14:921-210
Experiment	EGAX00002486098	ena-EXPERIMENT-ErasmusMC-12-07-2021-10:03:14:921-211
Experiment	EGAX00002486099	ena-EXPERIMENT-ErasmusMC-12-07-2021-10:03:14:921-212
Experiment	EGAX00002486100	ena-EXPERIMENT-ErasmusMC-12-07-2021-10:03:14:921-213
Experiment	EGAX00002486101	ena-EXPERIMENT-ErasmusMC-12-07-2021-10:03:14:921-214
Experiment	EGAX00002486102	ena-EXPERIMENT-ErasmusMC-12-07-2021-10:03:14:921-215
Experiment	EGAX00002486103	ena-EXPERIMENT-ErasmusMC-12-07-2021-10:03:14:921-216
Experiment	EGAX00002486104	ena-EXPERIMENT-ErasmusMC-12-07-2021-10:03:14:921-217
Experiment	EGAX00002486105	ena-EXPERIMENT-ErasmusMC-12-07-2021-10:03:14:921-218
Experiment	EGAX00002486106	ena-EXPERIMENT-ErasmusMC-12-07-2021-10:03:14:921-219
Experiment	EGAX00002486107	ena-EXPERIMENT-ErasmusMC-12-07-2021-10:03:14:921-220
Experiment	EGAX00002486108	ena-EXPERIMENT-ErasmusMC-12-07-2021-10:03:14:921-221
Experiment	EGAX00002486109	ena-EXPERIMENT-ErasmusMC-12-07-2021-10:03:14:921-222
Experiment	EGAX00002486110	ena-EXPERIMENT-ErasmusMC-12-07-2021-10:03:14:921-223
Experiment	EGAX00002486111	ena-EXPERIMENT-ErasmusMC-12-07-2021-10:03:14:921-224
Experiment	EGAX00002486112	ena-EXPERIMENT-ErasmusMC-12-07-2021-10:03:14:921-225
Experiment	EGAX00002486113	ena-EXPERIMENT-ErasmusMC-12-07-2021-10:03:14:922-226
Experiment	EGAX00002486114	ena-EXPERIMENT-ErasmusMC-12-07-2021-10:03:14:922-227
Experiment	EGAX00002486115	ena-EXPERIMENT-ErasmusMC-12-07-2021-10:03:14:922-228
Experiment	EGAX00002486116	ena-EXPERIMENT-ErasmusMC-12-07-2021-10:03:14:922-229
Experiment	EGAX00002486117	ena-EXPERIMENT-ErasmusMC-12-07-2021-10:03:14:922-230
Experiment	EGAX00002486118	ena-EXPERIMENT-ErasmusMC-12-07-2021-10:03:14:922-231
Experiment	EGAX00002486119	ena-EXPERIMENT-ErasmusMC-12-07-2021-10:03:14:922-232
Experiment	EGAX00002486120	ena-EXPERIMENT-ErasmusMC-12-07-2021-10:03:14:922-233
Experiment	EGAX00002486121	ena-EXPERIMENT-ErasmusMC-12-07-2021-10:03:14:922-234
Experiment	EGAX00002486122	ena-EXPERIMENT-ErasmusMC-12-07-2021-10:03:14:922-235
Experiment	EGAX00002486123	ena-EXPERIMENT-ErasmusMC-12-07-2021-10:03:14:922-236
Experiment	EGAX00002486124	ena-EXPERIMENT-ErasmusMC-12-07-2021-10:03:14:922-237
Experiment	EGAX00002486125	ena-EXPERIMENT-ErasmusMC-12-07-2021-10:03:14:922-238
Experiment	EGAX00002486126	ena-EXPERIMENT-ErasmusMC-12-07-2021-10:03:14:922-239
Experiment	EGAX00002486127	ena-EXPERIMENT-ErasmusMC-12-07-2021-10:03:14:922-240
Experiment	EGAX00002486128	ena-EXPERIMENT-ErasmusMC-12-07-2021-10:03:14:922-241
Experiment	EGAX00002486129	ena-EXPERIMENT-ErasmusMC-12-07-2021-10:03:14:922-242
Experiment	EGAX00002486130	ena-EXPERIMENT-ErasmusMC-12-07-2021-10:03:14:922-243
Experiment	EGAX00002486131	ena-EXPERIMENT-ErasmusMC-12-07-2021-10:03:14:922-244
Experiment	EGAX00002486132	ena-EXPERIMENT-ErasmusMC-12-07-2021-10:03:14:922-245
Experiment	EGAX00002486133	ena-EXPERIMENT-ErasmusMC-12-07-2021-10:03:14:922-246
Experiment	EGAX00002486134	ena-EXPERIMENT-ErasmusMC-12-07-2021-10:03:14:922-247
Experiment	EGAX00002486135	ena-EXPERIMENT-ErasmusMC-12-07-2021-10:03:14:922-248
Experiment	EGAX00002486136	ena-EXPERIMENT-ErasmusMC-12-07-2021-10:03:14:922-249
Experiment	EGAX00002486137	ena-EXPERIMENT-ErasmusMC-12-07-2021-10:03:14:922-250
Experiment	EGAX00002486138	ena-EXPERIMENT-ErasmusMC-12-07-2021-10:03:14:922-251
Experiment	EGAX00002486139	ena-EXPERIMENT-ErasmusMC-12-07-2021-10:03:14:922-252
Experiment	EGAX00002486140	ena-EXPERIMENT-ErasmusMC-12-07-2021-10:03:14:922-253
Experiment	EGAX00002486141	ena-EXPERIMENT-ErasmusMC-12-07-2021-10:03:14:922-254
Experiment	EGAX00002486142	ena-EXPERIMENT-ErasmusMC-12-07-2021-10:03:14:923-255
Experiment	EGAX00002486143	ena-EXPERIMENT-ErasmusMC-12-07-2021-10:03:14:923-256
Experiment	EGAX00002486144	ena-EXPERIMENT-ErasmusMC-12-07-2021-10:03:14:923-257
Experiment	EGAX00002486145	ena-EXPERIMENT-ErasmusMC-12-07-2021-10:03:14:923-258
Experiment	EGAX00002486146	ena-EXPERIMENT-ErasmusMC-12-07-2021-10:03:14:923-259
Experiment	EGAX00002486147	ena-EXPERIMENT-ErasmusMC-12-07-2021-10:03:14:923-260
Experiment	EGAX00002486148	ena-EXPERIMENT-ErasmusMC-12-07-2021-10:03:14:923-261
Experiment	EGAX00002486149	ena-EXPERIMENT-ErasmusMC-12-07-2021-10:03:14:923-262
Experiment	EGAX00002486150	ena-EXPERIMENT-ErasmusMC-12-07-2021-10:03:14:923-263
Experiment	EGAX00002486151	ena-EXPERIMENT-ErasmusMC-12-07-2021-10:03:14:923-264
Experiment	EGAX00002486152	ena-EXPERIMENT-ErasmusMC-12-07-2021-10:03:14:923-265
Experiment	EGAX00002486153	ena-EXPERIMENT-ErasmusMC-12-07-2021-10:03:14:923-266
Experiment	EGAX00002486154	ena-EXPERIMENT-ErasmusMC-12-07-2021-10:03:14:923-267
Experiment	EGAX00002486155	ena-EXPERIMENT-ErasmusMC-12-07-2021-10:03:14:923-268
Experiment	EGAX00002486156	ena-EXPERIMENT-ErasmusMC-12-07-2021-10:03:14:923-269
Experiment	EGAX00002486157	ena-EXPERIMENT-ErasmusMC-12-07-2021-10:03:14:923-270
Experiment	EGAX00002486158	ena-EXPERIMENT-ErasmusMC-12-07-2021-10:03:14:923-271
Experiment	EGAX00002486159	ena-EXPERIMENT-ErasmusMC-12-07-2021-10:03:14:923-272
Experiment	EGAX00002486160	ena-EXPERIMENT-ErasmusMC-12-07-2021-10:03:14:923-273
Experiment	EGAX00002486161	ena-EXPERIMENT-ErasmusMC-12-07-2021-10:03:14:923-274
Experiment	EGAX00002486162	ena-EXPERIMENT-ErasmusMC-12-07-2021-10:03:14:923-275
Experiment	EGAX00002486163	ena-EXPERIMENT-ErasmusMC-12-07-2021-10:03:14:923-276
Experiment	EGAX00002486164	ena-EXPERIMENT-ErasmusMC-12-07-2021-10:03:14:923-277
Experiment	EGAX00002486165	ena-EXPERIMENT-ErasmusMC-12-07-2021-10:03:14:923-278
Experiment	EGAX00002486166	ena-EXPERIMENT-ErasmusMC-12-07-2021-10:03:14:923-279
Experiment	EGAX00002486167	ena-EXPERIMENT-ErasmusMC-12-07-2021-10:03:14:923-280
Experiment	EGAX00002486168	ena-EXPERIMENT-ErasmusMC-12-07-2021-10:03:14:923-281
Experiment	EGAX00002486169	ena-EXPERIMENT-ErasmusMC-12-07-2021-10:03:14:923-282
Experiment	EGAX00002486170	ena-EXPERIMENT-ErasmusMC-12-07-2021-10:03:14:923-283
Experiment	EGAX00002486171	ena-EXPERIMENT-ErasmusMC-12-07-2021-10:03:14:924-284
Experiment	EGAX00002486172	ena-EXPERIMENT-ErasmusMC-12-07-2021-10:03:14:924-285
Experiment	EGAX00002486173	ena-EXPERIMENT-ErasmusMC-12-07-2021-10:03:14:924-286
Experiment	EGAX00002486174	ena-EXPERIMENT-ErasmusMC-12-07-2021-10:03:14:924-287
Experiment	EGAX00002486175	ena-EXPERIMENT-ErasmusMC-12-07-2021-10:03:14:924-288
Experiment	EGAX00002486176	ena-EXPERIMENT-ErasmusMC-12-07-2021-10:03:14:924-289
Experiment	EGAX00002486177	ena-EXPERIMENT-ErasmusMC-12-07-2021-10:03:14:924-290
Experiment	EGAX00002486178	ena-EXPERIMENT-ErasmusMC-12-07-2021-10:03:14:924-291
Experiment	EGAX00002486179	ena-EXPERIMENT-ErasmusMC-12-07-2021-10:03:14:924-292
Experiment	EGAX00002486180	ena-EXPERIMENT-ErasmusMC-12-07-2021-10:03:14:924-293
Experiment	EGAX00002486181	ena-EXPERIMENT-ErasmusMC-12-07-2021-10:03:14:924-294
Experiment	EGAX00002486182	ena-EXPERIMENT-ErasmusMC-12-07-2021-10:03:14:924-295
Experiment	EGAX00002486183	ena-EXPERIMENT-ErasmusMC-12-07-2021-10:03:14:924-296
Experiment	EGAX00002486184	ena-EXPERIMENT-ErasmusMC-12-07-2021-10:03:14:924-297
Experiment	EGAX00002486185	ena-EXPERIMENT-ErasmusMC-12-07-2021-10:03:14:924-298
Experiment	EGAX00002486186	ena-EXPERIMENT-ErasmusMC-12-07-2021-10:03:14:924-299
Experiment	EGAX00002486187	ena-EXPERIMENT-ErasmusMC-12-07-2021-10:03:14:924-300
Experiment	EGAX00002486188	ena-EXPERIMENT-ErasmusMC-12-07-2021-10:03:14:924-301
Experiment	EGAX00002486189	ena-EXPERIMENT-ErasmusMC-12-07-2021-10:03:14:924-302
Experiment	EGAX00002486190	ena-EXPERIMENT-ErasmusMC-12-07-2021-10:03:14:924-303
Experiment	EGAX00002486191	ena-EXPERIMENT-ErasmusMC-12-07-2021-10:03:14:924-304
Experiment	EGAX00002486192	ena-EXPERIMENT-ErasmusMC-12-07-2021-10:03:14:924-305
Experiment	EGAX00002486193	ena-EXPERIMENT-ErasmusMC-12-07-2021-10:03:14:924-306
Experiment	EGAX00002486194	ena-EXPERIMENT-ErasmusMC-12-07-2021-10:03:14:924-307
Experiment	EGAX00002486195	ena-EXPERIMENT-ErasmusMC-12-07-2021-10:03:14:925-308
Experiment	EGAX00002486196	ena-EXPERIMENT-ErasmusMC-12-07-2021-10:03:14:925-309
Experiment	EGAX00002486197	ena-EXPERIMENT-ErasmusMC-12-07-2021-10:03:14:925-310
Experiment	EGAX00002486198	ena-EXPERIMENT-ErasmusMC-12-07-2021-10:03:14:925-311
Experiment	EGAX00002486199	ena-EXPERIMENT-ErasmusMC-12-07-2021-10:03:14:925-312
Experiment	EGAX00002486200	ena-EXPERIMENT-ErasmusMC-12-07-2021-10:03:14:925-313
Experiment	EGAX00002486201	ena-EXPERIMENT-ErasmusMC-12-07-2021-10:03:14:925-314
Experiment	EGAX00002486202	ena-EXPERIMENT-ErasmusMC-12-07-2021-10:03:14:925-315
Experiment	EGAX00002486203	ena-EXPERIMENT-ErasmusMC-12-07-2021-10:03:14:925-316
Experiment	EGAX00002486204	ena-EXPERIMENT-ErasmusMC-12-07-2021-10:03:14:925-317
Experiment	EGAX00002486205	ena-EXPERIMENT-ErasmusMC-12-07-2021-10:03:14:925-318
Experiment	EGAX00002486206	ena-EXPERIMENT-ErasmusMC-12-07-2021-10:03:14:925-319
Experiment	EGAX00002486207	ena-EXPERIMENT-ErasmusMC-12-07-2021-10:03:14:925-320
Experiment	EGAX00002486208	ena-EXPERIMENT-ErasmusMC-12-07-2021-10:03:14:925-321
Experiment	EGAX00002486209	ena-EXPERIMENT-ErasmusMC-12-07-2021-10:03:14:925-322
Experiment	EGAX00002486210	ena-EXPERIMENT-ErasmusMC-12-07-2021-10:03:14:925-323
Experiment	EGAX00002486211	ena-EXPERIMENT-ErasmusMC-12-07-2021-10:03:14:925-324
Experiment	EGAX00002486212	ena-EXPERIMENT-ErasmusMC-12-07-2021-10:03:14:925-325
Experiment	EGAX00002486213	ena-EXPERIMENT-ErasmusMC-12-07-2021-10:03:14:925-326
Experiment	EGAX00002486214	ena-EXPERIMENT-ErasmusMC-12-07-2021-10:03:14:925-327
Experiment	EGAX00002486215	ena-EXPERIMENT-ErasmusMC-12-07-2021-10:03:14:925-328
Experiment	EGAX00002486216	ena-EXPERIMENT-ErasmusMC-12-07-2021-10:03:14:925-329
Experiment	EGAX00002486217	ena-EXPERIMENT-ErasmusMC-12-07-2021-10:03:14:925-330
Experiment	EGAX00002486218	ena-EXPERIMENT-ErasmusMC-12-07-2021-10:03:14:925-331
Experiment	EGAX00002486219	ena-EXPERIMENT-ErasmusMC-12-07-2021-10:03:14:925-332
Experiment	EGAX00002486220	ena-EXPERIMENT-ErasmusMC-12-07-2021-10:03:14:925-333
Experiment	EGAX00002486221	ena-EXPERIMENT-ErasmusMC-12-07-2021-10:03:14:926-334
Experiment	EGAX00002486222	ena-EXPERIMENT-ErasmusMC-12-07-2021-10:03:14:926-335
Experiment	EGAX00002486223	ena-EXPERIMENT-ErasmusMC-12-07-2021-10:03:14:926-336
Experiment	EGAX00002486224	ena-EXPERIMENT-ErasmusMC-12-07-2021-10:03:14:926-337
Experiment	EGAX00002486225	ena-EXPERIMENT-ErasmusMC-12-07-2021-10:03:14:926-338
Experiment	EGAX00002486226	ena-EXPERIMENT-ErasmusMC-12-07-2021-10:03:14:926-339
Experiment	EGAX00002486227	ena-EXPERIMENT-ErasmusMC-12-07-2021-10:03:14:926-340
Experiment	EGAX00002486228	ena-EXPERIMENT-ErasmusMC-12-07-2021-10:03:14:926-341
Experiment	EGAX00002486229	ena-EXPERIMENT-ErasmusMC-12-07-2021-10:03:14:926-342
Experiment	EGAX00002486230	ena-EXPERIMENT-ErasmusMC-12-07-2021-10:03:14:926-343
Experiment	EGAX00002486231	ena-EXPERIMENT-ErasmusMC-12-07-2021-10:03:14:926-344
Experiment	EGAX00002486232	ena-EXPERIMENT-ErasmusMC-12-07-2021-10:03:14:926-345
Experiment	EGAX00002486233	ena-EXPERIMENT-ErasmusMC-12-07-2021-10:03:14:926-346
Experiment	EGAX00002486234	ena-EXPERIMENT-ErasmusMC-12-07-2021-10:03:14:926-347
Experiment	EGAX00002486235	ena-EXPERIMENT-ErasmusMC-12-07-2021-10:03:14:926-348
Experiment	EGAX00002486236	ena-EXPERIMENT-ErasmusMC-12-07-2021-10:03:14:926-349
Experiment	EGAX00002486237	ena-EXPERIMENT-ErasmusMC-12-07-2021-10:03:14:926-350
Experiment	EGAX00002486238	ena-EXPERIMENT-ErasmusMC-12-07-2021-10:03:14:926-351
Experiment	EGAX00002486239	ena-EXPERIMENT-ErasmusMC-12-07-2021-10:03:14:926-352
Experiment	EGAX00002486240	ena-EXPERIMENT-ErasmusMC-12-07-2021-10:03:14:926-353
Experiment	EGAX00002486241	ena-EXPERIMENT-ErasmusMC-12-07-2021-10:03:14:926-354
Experiment	EGAX00002486242	ena-EXPERIMENT-ErasmusMC-12-07-2021-10:03:14:926-355
Experiment	EGAX00002486243	ena-EXPERIMENT-ErasmusMC-12-07-2021-10:03:14:926-356
Experiment	EGAX00002486244	ena-EXPERIMENT-ErasmusMC-12-07-2021-10:03:14:926-357
Experiment	EGAX00002486245	ena-EXPERIMENT-ErasmusMC-12-07-2021-10:03:14:926-358
Experiment	EGAX00002486246	ena-EXPERIMENT-ErasmusMC-12-07-2021-10:03:14:927-359
Experiment	EGAX00002486247	ena-EXPERIMENT-ErasmusMC-12-07-2021-10:03:14:927-360
Experiment	EGAX00002486248	ena-EXPERIMENT-ErasmusMC-12-07-2021-10:03:14:927-361
Experiment	EGAX00002486249	ena-EXPERIMENT-ErasmusMC-12-07-2021-10:03:14:927-362
Experiment	EGAX00002486250	ena-EXPERIMENT-ErasmusMC-12-07-2021-10:03:14:927-363
Experiment	EGAX00002486251	ena-EXPERIMENT-ErasmusMC-12-07-2021-10:03:14:927-364
Experiment	EGAX00002486252	ena-EXPERIMENT-ErasmusMC-12-07-2021-10:03:14:927-365
Experiment	EGAX00002486253	ena-EXPERIMENT-ErasmusMC-12-07-2021-10:03:14:927-366
Experiment	EGAX00002486254	ena-EXPERIMENT-ErasmusMC-12-07-2021-10:03:14:927-367
Experiment	EGAX00002486255	ena-EXPERIMENT-ErasmusMC-12-07-2021-10:03:14:927-368
Experiment	EGAX00002486256	ena-EXPERIMENT-ErasmusMC-12-07-2021-10:03:14:927-369
Experiment	EGAX00002486257	ena-EXPERIMENT-ErasmusMC-12-07-2021-10:03:14:927-370
Experiment	EGAX00002486258	ena-EXPERIMENT-ErasmusMC-12-07-2021-10:03:14:927-371
Experiment	EGAX00002486259	ena-EXPERIMENT-ErasmusMC-12-07-2021-10:03:14:927-372
Experiment	EGAX00002486260	ena-EXPERIMENT-ErasmusMC-12-07-2021-10:03:14:927-373
Experiment	EGAX00002486261	ena-EXPERIMENT-ErasmusMC-12-07-2021-10:03:14:927-374
Experiment	EGAX00002486262	ena-EXPERIMENT-ErasmusMC-12-07-2021-10:03:14:927-375
Experiment	EGAX00002486263	ena-EXPERIMENT-ErasmusMC-12-07-2021-10:03:14:927-376
Experiment	EGAX00002486264	ena-EXPERIMENT-ErasmusMC-12-07-2021-10:03:14:927-377
Experiment	EGAX00002486265	ena-EXPERIMENT-ErasmusMC-12-07-2021-10:03:14:927-378
Experiment	EGAX00002486266	ena-EXPERIMENT-ErasmusMC-12-07-2021-10:03:14:927-379
Experiment	EGAX00002486267	ena-EXPERIMENT-ErasmusMC-12-07-2021-10:03:14:927-380
Experiment	EGAX00002486268	ena-EXPERIMENT-ErasmusMC-12-07-2021-10:03:14:927-381
Experiment	EGAX00002486269	ena-EXPERIMENT-ErasmusMC-12-07-2021-10:03:14:927-382
Experiment	EGAX00002486270	ena-EXPERIMENT-ErasmusMC-12-07-2021-10:03:14:928-383
Experiment	EGAX00002486271	ena-EXPERIMENT-ErasmusMC-12-07-2021-10:03:14:928-384
Experiment	EGAX00002486272	ena-EXPERIMENT-ErasmusMC-12-07-2021-10:03:14:928-385
Experiment	EGAX00002486273	ena-EXPERIMENT-ErasmusMC-12-07-2021-10:03:14:928-386
Experiment	EGAX00002486274	ena-EXPERIMENT-ErasmusMC-12-07-2021-10:03:14:928-387
Experiment	EGAX00002486275	ena-EXPERIMENT-ErasmusMC-12-07-2021-10:03:14:928-388
Experiment	EGAX00002486276	ena-EXPERIMENT-ErasmusMC-12-07-2021-10:03:14:928-389
Experiment	EGAX00002486277	ena-EXPERIMENT-ErasmusMC-12-07-2021-10:03:14:928-390
Experiment	EGAX00002486278	ena-EXPERIMENT-ErasmusMC-12-07-2021-10:03:14:928-391
Experiment	EGAX00002486279	ena-EXPERIMENT-ErasmusMC-12-07-2021-10:03:14:928-392
Experiment	EGAX00002486280	ena-EXPERIMENT-ErasmusMC-12-07-2021-10:03:14:928-393
Experiment	EGAX00002486281	ena-EXPERIMENT-ErasmusMC-12-07-2021-10:03:14:928-394
Experiment	EGAX00002486282	ena-EXPERIMENT-ErasmusMC-12-07-2021-10:03:14:928-395
Experiment	EGAX00002486283	ena-EXPERIMENT-ErasmusMC-12-07-2021-10:03:14:928-396
Experiment	EGAX00002486284	ena-EXPERIMENT-ErasmusMC-12-07-2021-10:03:14:928-397
Experiment	EGAX00002486285	ena-EXPERIMENT-ErasmusMC-12-07-2021-10:03:14:928-398
Experiment	EGAX00002486286	ena-EXPERIMENT-ErasmusMC-12-07-2021-10:03:14:928-399
Experiment	EGAX00002486287	ena-EXPERIMENT-ErasmusMC-12-07-2021-10:03:14:928-400
Experiment	EGAX00002486288	ena-EXPERIMENT-ErasmusMC-12-07-2021-10:03:14:928-401
Experiment	EGAX00002486289	ena-EXPERIMENT-ErasmusMC-12-07-2021-10:03:14:928-402
Experiment	EGAX00002486290	ena-EXPERIMENT-ErasmusMC-12-07-2021-10:03:14:928-403
Experiment	EGAX00002486291	ena-EXPERIMENT-ErasmusMC-12-07-2021-10:03:14:928-404
Experiment	EGAX00002486292	ena-EXPERIMENT-ErasmusMC-12-07-2021-10:03:14:928-405
Experiment	EGAX00002486293	ena-EXPERIMENT-ErasmusMC-12-07-2021-10:03:14:929-406
Run	EGAR00002862108	ena-RUN-ErasmusMC-12-07-2021-10:03:14:913-1
Run	EGAR00002862109	ena-RUN-ErasmusMC-12-07-2021-10:03:14:913-2
Run	EGAR00002862110	ena-RUN-ErasmusMC-12-07-2021-10:03:14:913-3
Run	EGAR00002862111	ena-RUN-ErasmusMC-12-07-2021-10:03:14:913-4
Run	EGAR00002862112	ena-RUN-ErasmusMC-12-07-2021-10:03:14:913-5
Run	EGAR00002862113	ena-RUN-ErasmusMC-12-07-2021-10:03:14:913-6
Run	EGAR00002862114	ena-RUN-ErasmusMC-12-07-2021-10:03:14:913-7
Run	EGAR00002862115	ena-RUN-ErasmusMC-12-07-2021-10:03:14:914-8
Run	EGAR00002862116	ena-RUN-ErasmusMC-12-07-2021-10:03:14:914-9
Run	EGAR00002862117	ena-RUN-ErasmusMC-12-07-2021-10:03:14:914-10
Run	EGAR00002862118	ena-RUN-ErasmusMC-12-07-2021-10:03:14:914-11
Run	EGAR00002862119	ena-RUN-ErasmusMC-12-07-2021-10:03:14:914-12
Run	EGAR00002862120	ena-RUN-ErasmusMC-12-07-2021-10:03:14:914-13
Run	EGAR00002862121	ena-RUN-ErasmusMC-12-07-2021-10:03:14:914-14
Run	EGAR00002862122	ena-RUN-ErasmusMC-12-07-2021-10:03:14:914-15
Run	EGAR00002862123	ena-RUN-ErasmusMC-12-07-2021-10:03:14:914-16
Run	EGAR00002862124	ena-RUN-ErasmusMC-12-07-2021-10:03:14:914-17
Run	EGAR00002862125	ena-RUN-ErasmusMC-12-07-2021-10:03:14:914-18
Run	EGAR00002862126	ena-RUN-ErasmusMC-12-07-2021-10:03:14:914-19
Run	EGAR00002862127	ena-RUN-ErasmusMC-12-07-2021-10:03:14:914-20
Run	EGAR00002862128	ena-RUN-ErasmusMC-12-07-2021-10:03:14:914-21
Run	EGAR00002862129	ena-RUN-ErasmusMC-12-07-2021-10:03:14:914-22
Run	EGAR00002862130	ena-RUN-ErasmusMC-12-07-2021-10:03:14:914-23
Run	EGAR00002862131	ena-RUN-ErasmusMC-12-07-2021-10:03:14:914-24
Run	EGAR00002862132	ena-RUN-ErasmusMC-12-07-2021-10:03:14:914-25
Run	EGAR00002862133	ena-RUN-ErasmusMC-12-07-2021-10:03:14:914-26
Run	EGAR00002862134	ena-RUN-ErasmusMC-12-07-2021-10:03:14:914-27
Run	EGAR00002862135	ena-RUN-ErasmusMC-12-07-2021-10:03:14:914-28
Run	EGAR00002862136	ena-RUN-ErasmusMC-12-07-2021-10:03:14:914-29
Run	EGAR00002862137	ena-RUN-ErasmusMC-12-07-2021-10:03:14:915-30
Run	EGAR00002862138	ena-RUN-ErasmusMC-12-07-2021-10:03:14:915-31
Run	EGAR00002862139	ena-RUN-ErasmusMC-12-07-2021-10:03:14:915-32
Run	EGAR00002862140	ena-RUN-ErasmusMC-12-07-2021-10:03:14:915-33
Run	EGAR00002862141	ena-RUN-ErasmusMC-12-07-2021-10:03:14:915-34
Run	EGAR00002862142	ena-RUN-ErasmusMC-12-07-2021-10:03:14:915-35
Run	EGAR00002862143	ena-RUN-ErasmusMC-12-07-2021-10:03:14:915-36
Run	EGAR00002862144	ena-RUN-ErasmusMC-12-07-2021-10:03:14:915-37
Run	EGAR00002862145	ena-RUN-ErasmusMC-12-07-2021-10:03:14:915-38
Run	EGAR00002862146	ena-RUN-ErasmusMC-12-07-2021-10:03:14:915-39
Run	EGAR00002862147	ena-RUN-ErasmusMC-12-07-2021-10:03:14:915-40
Run	EGAR00002862148	ena-RUN-ErasmusMC-12-07-2021-10:03:14:915-41
Run	EGAR00002862149	ena-RUN-ErasmusMC-12-07-2021-10:03:14:915-42
Run	EGAR00002862150	ena-RUN-ErasmusMC-12-07-2021-10:03:14:915-43
Run	EGAR00002862151	ena-RUN-ErasmusMC-12-07-2021-10:03:14:915-44
Run	EGAR00002862152	ena-RUN-ErasmusMC-12-07-2021-10:03:14:915-45
Run	EGAR00002862153	ena-RUN-ErasmusMC-12-07-2021-10:03:14:915-46
Run	EGAR00002862154	ena-RUN-ErasmusMC-12-07-2021-10:03:14:915-47
Run	EGAR00002862155	ena-RUN-ErasmusMC-12-07-2021-10:03:14:915-48
Run	EGAR00002862156	ena-RUN-ErasmusMC-12-07-2021-10:03:14:915-49
Run	EGAR00002862157	ena-RUN-ErasmusMC-12-07-2021-10:03:14:915-50
Run	EGAR00002862158	ena-RUN-ErasmusMC-12-07-2021-10:03:14:915-51
Run	EGAR00002862159	ena-RUN-ErasmusMC-12-07-2021-10:03:14:915-52
Run	EGAR00002862160	ena-RUN-ErasmusMC-12-07-2021-10:03:14:915-53
Run	EGAR00002862161	ena-RUN-ErasmusMC-12-07-2021-10:03:14:915-54
Run	EGAR00002862162	ena-RUN-ErasmusMC-12-07-2021-10:03:14:915-55
Run	EGAR00002862163	ena-RUN-ErasmusMC-12-07-2021-10:03:14:915-56
Run	EGAR00002862164	ena-RUN-ErasmusMC-12-07-2021-10:03:14:915-57
Run	EGAR00002862165	ena-RUN-ErasmusMC-12-07-2021-10:03:14:916-58
Run	EGAR00002862166	ena-RUN-ErasmusMC-12-07-2021-10:03:14:916-59
Run	EGAR00002862167	ena-RUN-ErasmusMC-12-07-2021-10:03:14:916-60
Run	EGAR00002862168	ena-RUN-ErasmusMC-12-07-2021-10:03:14:916-61
Run	EGAR00002862169	ena-RUN-ErasmusMC-12-07-2021-10:03:14:916-62
Run	EGAR00002862170	ena-RUN-ErasmusMC-12-07-2021-10:03:14:916-63
Run	EGAR00002862171	ena-RUN-ErasmusMC-12-07-2021-10:03:14:916-64
Run	EGAR00002862172	ena-RUN-ErasmusMC-12-07-2021-10:03:14:916-65
Run	EGAR00002862173	ena-RUN-ErasmusMC-12-07-2021-10:03:14:916-66
Run	EGAR00002862174	ena-RUN-ErasmusMC-12-07-2021-10:03:14:916-67
Run	EGAR00002862175	ena-RUN-ErasmusMC-12-07-2021-10:03:14:916-68
Run	EGAR00002862176	ena-RUN-ErasmusMC-12-07-2021-10:03:14:916-69
Run	EGAR00002862177	ena-RUN-ErasmusMC-12-07-2021-10:03:14:916-70
Run	EGAR00002862178	ena-RUN-ErasmusMC-12-07-2021-10:03:14:916-71
Run	EGAR00002862179	ena-RUN-ErasmusMC-12-07-2021-10:03:14:916-72
Run	EGAR00002862180	ena-RUN-ErasmusMC-12-07-2021-10:03:14:916-73
Run	EGAR00002862181	ena-RUN-ErasmusMC-12-07-2021-10:03:14:916-74
Run	EGAR00002862182	ena-RUN-ErasmusMC-12-07-2021-10:03:14:916-75
Run	EGAR00002862183	ena-RUN-ErasmusMC-12-07-2021-10:03:14:916-76
Run	EGAR00002862184	ena-RUN-ErasmusMC-12-07-2021-10:03:14:916-77
Run	EGAR00002862185	ena-RUN-ErasmusMC-12-07-2021-10:03:14:916-78
Run	EGAR00002862186	ena-RUN-ErasmusMC-12-07-2021-10:03:14:916-79
Run	EGAR00002862187	ena-RUN-ErasmusMC-12-07-2021-10:03:14:916-80
Run	EGAR00002862188	ena-RUN-ErasmusMC-12-07-2021-10:03:14:916-81
Run	EGAR00002862189	ena-RUN-ErasmusMC-12-07-2021-10:03:14:916-82
Run	EGAR00002862190	ena-RUN-ErasmusMC-12-07-2021-10:03:14:916-83
Run	EGAR00002862191	ena-RUN-ErasmusMC-12-07-2021-10:03:14:916-84
Run	EGAR00002862192	ena-RUN-ErasmusMC-12-07-2021-10:03:14:917-85
Run	EGAR00002862193	ena-RUN-ErasmusMC-12-07-2021-10:03:14:917-86
Run	EGAR00002862194	ena-RUN-ErasmusMC-12-07-2021-10:03:14:917-87
Run	EGAR00002862195	ena-RUN-ErasmusMC-12-07-2021-10:03:14:917-88
Run	EGAR00002862196	ena-RUN-ErasmusMC-12-07-2021-10:03:14:917-89
Run	EGAR00002862197	ena-RUN-ErasmusMC-12-07-2021-10:03:14:917-90
Run	EGAR00002862198	ena-RUN-ErasmusMC-12-07-2021-10:03:14:917-91
Run	EGAR00002862199	ena-RUN-ErasmusMC-12-07-2021-10:03:14:917-92
Run	EGAR00002862200	ena-RUN-ErasmusMC-12-07-2021-10:03:14:917-93
Run	EGAR00002862201	ena-RUN-ErasmusMC-12-07-2021-10:03:14:917-94
Run	EGAR00002862202	ena-RUN-ErasmusMC-12-07-2021-10:03:14:917-95
Run	EGAR00002862203	ena-RUN-ErasmusMC-12-07-2021-10:03:14:917-96
Run	EGAR00002862204	ena-RUN-ErasmusMC-12-07-2021-10:03:14:917-97
Run	EGAR00002862205	ena-RUN-ErasmusMC-12-07-2021-10:03:14:917-98
Run	EGAR00002862206	ena-RUN-ErasmusMC-12-07-2021-10:03:14:917-99
Run	EGAR00002862207	ena-RUN-ErasmusMC-12-07-2021-10:03:14:917-100
Run	EGAR00002862208	ena-RUN-ErasmusMC-12-07-2021-10:03:14:917-101
Run	EGAR00002862209	ena-RUN-ErasmusMC-12-07-2021-10:03:14:917-102
Run	EGAR00002862210	ena-RUN-ErasmusMC-12-07-2021-10:03:14:917-103
Run	EGAR00002862211	ena-RUN-ErasmusMC-12-07-2021-10:03:14:917-104
Run	EGAR00002862212	ena-RUN-ErasmusMC-12-07-2021-10:03:14:917-105
Run	EGAR00002862213	ena-RUN-ErasmusMC-12-07-2021-10:03:14:917-106
Run	EGAR00002862214	ena-RUN-ErasmusMC-12-07-2021-10:03:14:917-107
Run	EGAR00002862215	ena-RUN-ErasmusMC-12-07-2021-10:03:14:917-108
Run	EGAR00002862216	ena-RUN-ErasmusMC-12-07-2021-10:03:14:917-109
Run	EGAR00002862217	ena-RUN-ErasmusMC-12-07-2021-10:03:14:917-110
Run	EGAR00002862218	ena-RUN-ErasmusMC-12-07-2021-10:03:14:917-111
Run	EGAR00002862219	ena-RUN-ErasmusMC-12-07-2021-10:03:14:917-112
Run	EGAR00002862220	ena-RUN-ErasmusMC-12-07-2021-10:03:14:917-113
Run	EGAR00002862221	ena-RUN-ErasmusMC-12-07-2021-10:03:14:918-114
Run	EGAR00002862222	ena-RUN-ErasmusMC-12-07-2021-10:03:14:918-115
Run	EGAR00002862223	ena-RUN-ErasmusMC-12-07-2021-10:03:14:918-116
Run	EGAR00002862224	ena-RUN-ErasmusMC-12-07-2021-10:03:14:918-117
Run	EGAR00002862225	ena-RUN-ErasmusMC-12-07-2021-10:03:14:918-118
Run	EGAR00002862226	ena-RUN-ErasmusMC-12-07-2021-10:03:14:918-119
Run	EGAR00002862227	ena-RUN-ErasmusMC-12-07-2021-10:03:14:918-120
Run	EGAR00002862228	ena-RUN-ErasmusMC-12-07-2021-10:03:14:918-121
Run	EGAR00002862229	ena-RUN-ErasmusMC-12-07-2021-10:03:14:918-122
Run	EGAR00002862230	ena-RUN-ErasmusMC-12-07-2021-10:03:14:918-123
Run	EGAR00002862231	ena-RUN-ErasmusMC-12-07-2021-10:03:14:918-124
Run	EGAR00002862232	ena-RUN-ErasmusMC-12-07-2021-10:03:14:918-125
Run	EGAR00002862233	ena-RUN-ErasmusMC-12-07-2021-10:03:14:918-126
Run	EGAR00002862234	ena-RUN-ErasmusMC-12-07-2021-10:03:14:918-127
Run	EGAR00002862235	ena-RUN-ErasmusMC-12-07-2021-10:03:14:918-128
Run	EGAR00002862236	ena-RUN-ErasmusMC-12-07-2021-10:03:14:918-129
Run	EGAR00002862237	ena-RUN-ErasmusMC-12-07-2021-10:03:14:918-130
Run	EGAR00002862238	ena-RUN-ErasmusMC-12-07-2021-10:03:14:918-131
Run	EGAR00002862239	ena-RUN-ErasmusMC-12-07-2021-10:03:14:918-132
Run	EGAR00002862240	ena-RUN-ErasmusMC-12-07-2021-10:03:14:918-133
Run	EGAR00002862241	ena-RUN-ErasmusMC-12-07-2021-10:03:14:918-134
Run	EGAR00002862242	ena-RUN-ErasmusMC-12-07-2021-10:03:14:918-135
Run	EGAR00002862243	ena-RUN-ErasmusMC-12-07-2021-10:03:14:918-136
Run	EGAR00002862244	ena-RUN-ErasmusMC-12-07-2021-10:03:14:918-137
Run	EGAR00002862245	ena-RUN-ErasmusMC-12-07-2021-10:03:14:918-138
Run	EGAR00002862246	ena-RUN-ErasmusMC-12-07-2021-10:03:14:918-139
Run	EGAR00002862247	ena-RUN-ErasmusMC-12-07-2021-10:03:14:918-140
Run	EGAR00002862248	ena-RUN-ErasmusMC-12-07-2021-10:03:14:918-141
Run	EGAR00002862249	ena-RUN-ErasmusMC-12-07-2021-10:03:14:918-142
Run	EGAR00002862250	ena-RUN-ErasmusMC-12-07-2021-10:03:14:919-143
Run	EGAR00002862251	ena-RUN-ErasmusMC-12-07-2021-10:03:14:919-144
Run	EGAR00002862252	ena-RUN-ErasmusMC-12-07-2021-10:03:14:919-145
Run	EGAR00002862253	ena-RUN-ErasmusMC-12-07-2021-10:03:14:919-146
Run	EGAR00002862254	ena-RUN-ErasmusMC-12-07-2021-10:03:14:919-147
Run	EGAR00002862255	ena-RUN-ErasmusMC-12-07-2021-10:03:14:919-148
Run	EGAR00002862256	ena-RUN-ErasmusMC-12-07-2021-10:03:14:919-149
Run	EGAR00002862257	ena-RUN-ErasmusMC-12-07-2021-10:03:14:919-150
Run	EGAR00002862258	ena-RUN-ErasmusMC-12-07-2021-10:03:14:919-151
Run	EGAR00002862259	ena-RUN-ErasmusMC-12-07-2021-10:03:14:919-152
Run	EGAR00002862260	ena-RUN-ErasmusMC-12-07-2021-10:03:14:919-153
Run	EGAR00002862261	ena-RUN-ErasmusMC-12-07-2021-10:03:14:919-154
Run	EGAR00002862262	ena-RUN-ErasmusMC-12-07-2021-10:03:14:919-155
Run	EGAR00002862263	ena-RUN-ErasmusMC-12-07-2021-10:03:14:919-156
Run	EGAR00002862264	ena-RUN-ErasmusMC-12-07-2021-10:03:14:919-157
Run	EGAR00002862265	ena-RUN-ErasmusMC-12-07-2021-10:03:14:919-158
Run	EGAR00002862266	ena-RUN-ErasmusMC-12-07-2021-10:03:14:919-159
Run	EGAR00002862267	ena-RUN-ErasmusMC-12-07-2021-10:03:14:919-160
Run	EGAR00002862268	ena-RUN-ErasmusMC-12-07-2021-10:03:14:919-161
Run	EGAR00002862269	ena-RUN-ErasmusMC-12-07-2021-10:03:14:919-162
Run	EGAR00002862270	ena-RUN-ErasmusMC-12-07-2021-10:03:14:919-163
Run	EGAR00002862271	ena-RUN-ErasmusMC-12-07-2021-10:03:14:919-164
Run	EGAR00002862272	ena-RUN-ErasmusMC-12-07-2021-10:03:14:919-165
Run	EGAR00002862273	ena-RUN-ErasmusMC-12-07-2021-10:03:14:919-166
Run	EGAR00002862274	ena-RUN-ErasmusMC-12-07-2021-10:03:14:919-167
Run	EGAR00002862275	ena-RUN-ErasmusMC-12-07-2021-10:03:14:919-168
Run	EGAR00002862276	ena-RUN-ErasmusMC-12-07-2021-10:03:14:919-169
Run	EGAR00002862277	ena-RUN-ErasmusMC-12-07-2021-10:03:14:919-170
Run	EGAR00002862278	ena-RUN-ErasmusMC-12-07-2021-10:03:14:920-171
Run	EGAR00002862279	ena-RUN-ErasmusMC-12-07-2021-10:03:14:920-172
Run	EGAR00002862280	ena-RUN-ErasmusMC-12-07-2021-10:03:14:920-173
Run	EGAR00002862281	ena-RUN-ErasmusMC-12-07-2021-10:03:14:920-174
Run	EGAR00002862282	ena-RUN-ErasmusMC-12-07-2021-10:03:14:920-175
Run	EGAR00002862283	ena-RUN-ErasmusMC-12-07-2021-10:03:14:920-176
Run	EGAR00002862284	ena-RUN-ErasmusMC-12-07-2021-10:03:14:920-177
Run	EGAR00002862285	ena-RUN-ErasmusMC-12-07-2021-10:03:14:920-178
Run	EGAR00002862286	ena-RUN-ErasmusMC-12-07-2021-10:03:14:920-179
Run	EGAR00002862287	ena-RUN-ErasmusMC-12-07-2021-10:03:14:920-180
Run	EGAR00002862288	ena-RUN-ErasmusMC-12-07-2021-10:03:14:920-181
Run	EGAR00002862289	ena-RUN-ErasmusMC-12-07-2021-10:03:14:920-182
Run	EGAR00002862290	ena-RUN-ErasmusMC-12-07-2021-10:03:14:920-183
Run	EGAR00002862291	ena-RUN-ErasmusMC-12-07-2021-10:03:14:920-184
Run	EGAR00002862292	ena-RUN-ErasmusMC-12-07-2021-10:03:14:920-185
Run	EGAR00002862293	ena-RUN-ErasmusMC-12-07-2021-10:03:14:920-186
Run	EGAR00002862294	ena-RUN-ErasmusMC-12-07-2021-10:03:14:920-187
Run	EGAR00002862295	ena-RUN-ErasmusMC-12-07-2021-10:03:14:920-188
Run	EGAR00002862296	ena-RUN-ErasmusMC-12-07-2021-10:03:14:920-189
Run	EGAR00002862297	ena-RUN-ErasmusMC-12-07-2021-10:03:14:920-190
Run	EGAR00002862298	ena-RUN-ErasmusMC-12-07-2021-10:03:14:920-191
Run	EGAR00002862299	ena-RUN-ErasmusMC-12-07-2021-10:03:14:920-192
Run	EGAR00002862300	ena-RUN-ErasmusMC-12-07-2021-10:03:14:920-193
Run	EGAR00002862301	ena-RUN-ErasmusMC-12-07-2021-10:03:14:920-194
Run	EGAR00002862302	ena-RUN-ErasmusMC-12-07-2021-10:03:14:920-195
Run	EGAR00002862303	ena-RUN-ErasmusMC-12-07-2021-10:03:14:920-196
Run	EGAR00002862304	ena-RUN-ErasmusMC-12-07-2021-10:03:14:920-197
Run	EGAR00002862305	ena-RUN-ErasmusMC-12-07-2021-10:03:14:920-198
Run	EGAR00002862306	ena-RUN-ErasmusMC-12-07-2021-10:03:14:920-199
Run	EGAR00002862307	ena-RUN-ErasmusMC-12-07-2021-10:03:14:921-200
Run	EGAR00002862308	ena-RUN-ErasmusMC-12-07-2021-10:03:14:921-201
Run	EGAR00002862309	ena-RUN-ErasmusMC-12-07-2021-10:03:14:921-202
Run	EGAR00002862310	ena-RUN-ErasmusMC-12-07-2021-10:03:14:921-203
Run	EGAR00002862311	ena-RUN-ErasmusMC-12-07-2021-10:03:14:921-204
Run	EGAR00002862312	ena-RUN-ErasmusMC-12-07-2021-10:03:14:921-205
Run	EGAR00002862313	ena-RUN-ErasmusMC-12-07-2021-10:03:14:921-206
Run	EGAR00002862314	ena-RUN-ErasmusMC-12-07-2021-10:03:14:921-207
Run	EGAR00002862315	ena-RUN-ErasmusMC-12-07-2021-10:03:14:921-208
Run	EGAR00002862316	ena-RUN-ErasmusMC-12-07-2021-10:03:14:921-209
Run	EGAR00002862317	ena-RUN-ErasmusMC-12-07-2021-10:03:14:921-210
Run	EGAR00002862318	ena-RUN-ErasmusMC-12-07-2021-10:03:14:921-211
Run	EGAR00002862319	ena-RUN-ErasmusMC-12-07-2021-10:03:14:921-212
Run	EGAR00002862320	ena-RUN-ErasmusMC-12-07-2021-10:03:14:921-213
Run	EGAR00002862321	ena-RUN-ErasmusMC-12-07-2021-10:03:14:921-214
Run	EGAR00002862322	ena-RUN-ErasmusMC-12-07-2021-10:03:14:921-215
Run	EGAR00002862323	ena-RUN-ErasmusMC-12-07-2021-10:03:14:921-216
Run	EGAR00002862324	ena-RUN-ErasmusMC-12-07-2021-10:03:14:921-217
Run	EGAR00002862325	ena-RUN-ErasmusMC-12-07-2021-10:03:14:921-218
Run	EGAR00002862326	ena-RUN-ErasmusMC-12-07-2021-10:03:14:921-219
Run	EGAR00002862327	ena-RUN-ErasmusMC-12-07-2021-10:03:14:921-220
Run	EGAR00002862328	ena-RUN-ErasmusMC-12-07-2021-10:03:14:921-221
Run	EGAR00002862329	ena-RUN-ErasmusMC-12-07-2021-10:03:14:921-222
Run	EGAR00002862330	ena-RUN-ErasmusMC-12-07-2021-10:03:14:921-223
Run	EGAR00002862331	ena-RUN-ErasmusMC-12-07-2021-10:03:14:921-224
Run	EGAR00002862332	ena-RUN-ErasmusMC-12-07-2021-10:03:14:921-225
Run	EGAR00002862333	ena-RUN-ErasmusMC-12-07-2021-10:03:14:922-226
Run	EGAR00002862334	ena-RUN-ErasmusMC-12-07-2021-10:03:14:922-227
Run	EGAR00002862335	ena-RUN-ErasmusMC-12-07-2021-10:03:14:922-228
Run	EGAR00002862336	ena-RUN-ErasmusMC-12-07-2021-10:03:14:922-229
Run	EGAR00002862337	ena-RUN-ErasmusMC-12-07-2021-10:03:14:922-230
Run	EGAR00002862338	ena-RUN-ErasmusMC-12-07-2021-10:03:14:922-231
Run	EGAR00002862339	ena-RUN-ErasmusMC-12-07-2021-10:03:14:922-232
Run	EGAR00002862340	ena-RUN-ErasmusMC-12-07-2021-10:03:14:922-233
Run	EGAR00002862341	ena-RUN-ErasmusMC-12-07-2021-10:03:14:922-234
Run	EGAR00002862342	ena-RUN-ErasmusMC-12-07-2021-10:03:14:922-235
Run	EGAR00002862343	ena-RUN-ErasmusMC-12-07-2021-10:03:14:922-236
Run	EGAR00002862344	ena-RUN-ErasmusMC-12-07-2021-10:03:14:922-237
Run	EGAR00002862345	ena-RUN-ErasmusMC-12-07-2021-10:03:14:922-238
Run	EGAR00002862346	ena-RUN-ErasmusMC-12-07-2021-10:03:14:922-239
Run	EGAR00002862347	ena-RUN-ErasmusMC-12-07-2021-10:03:14:922-240
Run	EGAR00002862348	ena-RUN-ErasmusMC-12-07-2021-10:03:14:922-241
Run	EGAR00002862349	ena-RUN-ErasmusMC-12-07-2021-10:03:14:922-242
Run	EGAR00002862350	ena-RUN-ErasmusMC-12-07-2021-10:03:14:922-243
Run	EGAR00002862351	ena-RUN-ErasmusMC-12-07-2021-10:03:14:922-244
Run	EGAR00002862352	ena-RUN-ErasmusMC-12-07-2021-10:03:14:922-245
Run	EGAR00002862353	ena-RUN-ErasmusMC-12-07-2021-10:03:14:922-246
Run	EGAR00002862354	ena-RUN-ErasmusMC-12-07-2021-10:03:14:922-247
Run	EGAR00002862355	ena-RUN-ErasmusMC-12-07-2021-10:03:14:922-248
Run	EGAR00002862356	ena-RUN-ErasmusMC-12-07-2021-10:03:14:922-249
Run	EGAR00002862357	ena-RUN-ErasmusMC-12-07-2021-10:03:14:922-250
Run	EGAR00002862358	ena-RUN-ErasmusMC-12-07-2021-10:03:14:922-251
Run	EGAR00002862359	ena-RUN-ErasmusMC-12-07-2021-10:03:14:922-252
Run	EGAR00002862360	ena-RUN-ErasmusMC-12-07-2021-10:03:14:922-253
Run	EGAR00002862361	ena-RUN-ErasmusMC-12-07-2021-10:03:14:923-254
Run	EGAR00002862362	ena-RUN-ErasmusMC-12-07-2021-10:03:14:923-255
Run	EGAR00002862363	ena-RUN-ErasmusMC-12-07-2021-10:03:14:923-256
Run	EGAR00002862364	ena-RUN-ErasmusMC-12-07-2021-10:03:14:923-257
Run	EGAR00002862365	ena-RUN-ErasmusMC-12-07-2021-10:03:14:923-258
Run	EGAR00002862366	ena-RUN-ErasmusMC-12-07-2021-10:03:14:923-259
Run	EGAR00002862367	ena-RUN-ErasmusMC-12-07-2021-10:03:14:923-260
Run	EGAR00002862368	ena-RUN-ErasmusMC-12-07-2021-10:03:14:923-261
Run	EGAR00002862369	ena-RUN-ErasmusMC-12-07-2021-10:03:14:923-262
Run	EGAR00002862370	ena-RUN-ErasmusMC-12-07-2021-10:03:14:923-263
Run	EGAR00002862371	ena-RUN-ErasmusMC-12-07-2021-10:03:14:923-264
Run	EGAR00002862372	ena-RUN-ErasmusMC-12-07-2021-10:03:14:923-265
Run	EGAR00002862373	ena-RUN-ErasmusMC-12-07-2021-10:03:14:923-266
Run	EGAR00002862374	ena-RUN-ErasmusMC-12-07-2021-10:03:14:923-267
Run	EGAR00002862375	ena-RUN-ErasmusMC-12-07-2021-10:03:14:923-268
Run	EGAR00002862376	ena-RUN-ErasmusMC-12-07-2021-10:03:14:923-269
Run	EGAR00002862377	ena-RUN-ErasmusMC-12-07-2021-10:03:14:923-270
Run	EGAR00002862378	ena-RUN-ErasmusMC-12-07-2021-10:03:14:923-271
Run	EGAR00002862379	ena-RUN-ErasmusMC-12-07-2021-10:03:14:923-272
Run	EGAR00002862380	ena-RUN-ErasmusMC-12-07-2021-10:03:14:923-273
Run	EGAR00002862381	ena-RUN-ErasmusMC-12-07-2021-10:03:14:923-274
Run	EGAR00002862382	ena-RUN-ErasmusMC-12-07-2021-10:03:14:923-275
Run	EGAR00002862383	ena-RUN-ErasmusMC-12-07-2021-10:03:14:923-276
Run	EGAR00002862384	ena-RUN-ErasmusMC-12-07-2021-10:03:14:923-277
Run	EGAR00002862385	ena-RUN-ErasmusMC-12-07-2021-10:03:14:923-278
Run	EGAR00002862386	ena-RUN-ErasmusMC-12-07-2021-10:03:14:923-279
Run	EGAR00002862387	ena-RUN-ErasmusMC-12-07-2021-10:03:14:923-280
Run	EGAR00002862388	ena-RUN-ErasmusMC-12-07-2021-10:03:14:923-281
Run	EGAR00002862389	ena-RUN-ErasmusMC-12-07-2021-10:03:14:923-282
Run	EGAR00002862390	ena-RUN-ErasmusMC-12-07-2021-10:03:14:924-283
Run	EGAR00002862391	ena-RUN-ErasmusMC-12-07-2021-10:03:14:924-284
Run	EGAR00002862392	ena-RUN-ErasmusMC-12-07-2021-10:03:14:924-285
Run	EGAR00002862393	ena-RUN-ErasmusMC-12-07-2021-10:03:14:924-286
Run	EGAR00002862394	ena-RUN-ErasmusMC-12-07-2021-10:03:14:924-287
Run	EGAR00002862395	ena-RUN-ErasmusMC-12-07-2021-10:03:14:924-288
Run	EGAR00002862396	ena-RUN-ErasmusMC-12-07-2021-10:03:14:924-289
Run	EGAR00002862397	ena-RUN-ErasmusMC-12-07-2021-10:03:14:924-290
Run	EGAR00002862398	ena-RUN-ErasmusMC-12-07-2021-10:03:14:924-291
Run	EGAR00002862399	ena-RUN-ErasmusMC-12-07-2021-10:03:14:924-292
Run	EGAR00002862400	ena-RUN-ErasmusMC-12-07-2021-10:03:14:924-293
Run	EGAR00002862401	ena-RUN-ErasmusMC-12-07-2021-10:03:14:924-294
Run	EGAR00002862402	ena-RUN-ErasmusMC-12-07-2021-10:03:14:924-295
Run	EGAR00002862403	ena-RUN-ErasmusMC-12-07-2021-10:03:14:924-296
Run	EGAR00002862404	ena-RUN-ErasmusMC-12-07-2021-10:03:14:924-297
Run	EGAR00002862405	ena-RUN-ErasmusMC-12-07-2021-10:03:14:924-298
Run	EGAR00002862406	ena-RUN-ErasmusMC-12-07-2021-10:03:14:924-299
Run	EGAR00002862407	ena-RUN-ErasmusMC-12-07-2021-10:03:14:924-300
Run	EGAR00002862408	ena-RUN-ErasmusMC-12-07-2021-10:03:14:924-301
Run	EGAR00002862409	ena-RUN-ErasmusMC-12-07-2021-10:03:14:924-302
Run	EGAR00002862410	ena-RUN-ErasmusMC-12-07-2021-10:03:14:924-303
Run	EGAR00002862411	ena-RUN-ErasmusMC-12-07-2021-10:03:14:924-304
Run	EGAR00002862412	ena-RUN-ErasmusMC-12-07-2021-10:03:14:924-305
Run	EGAR00002862413	ena-RUN-ErasmusMC-12-07-2021-10:03:14:924-306
Run	EGAR00002862414	ena-RUN-ErasmusMC-12-07-2021-10:03:14:925-307
Run	EGAR00002862415	ena-RUN-ErasmusMC-12-07-2021-10:03:14:925-308
Run	EGAR00002862416	ena-RUN-ErasmusMC-12-07-2021-10:03:14:925-309
Run	EGAR00002862417	ena-RUN-ErasmusMC-12-07-2021-10:03:14:925-310
Run	EGAR00002862418	ena-RUN-ErasmusMC-12-07-2021-10:03:14:925-311
Run	EGAR00002862419	ena-RUN-ErasmusMC-12-07-2021-10:03:14:925-312
Run	EGAR00002862420	ena-RUN-ErasmusMC-12-07-2021-10:03:14:925-313
Run	EGAR00002862421	ena-RUN-ErasmusMC-12-07-2021-10:03:14:925-314
Run	EGAR00002862422	ena-RUN-ErasmusMC-12-07-2021-10:03:14:925-315
Run	EGAR00002862423	ena-RUN-ErasmusMC-12-07-2021-10:03:14:925-316
Run	EGAR00002862424	ena-RUN-ErasmusMC-12-07-2021-10:03:14:925-317
Run	EGAR00002862425	ena-RUN-ErasmusMC-12-07-2021-10:03:14:925-318
Run	EGAR00002862426	ena-RUN-ErasmusMC-12-07-2021-10:03:14:925-319
Run	EGAR00002862427	ena-RUN-ErasmusMC-12-07-2021-10:03:14:925-320
Run	EGAR00002862428	ena-RUN-ErasmusMC-12-07-2021-10:03:14:925-321
Run	EGAR00002862429	ena-RUN-ErasmusMC-12-07-2021-10:03:14:925-322
Run	EGAR00002862430	ena-RUN-ErasmusMC-12-07-2021-10:03:14:925-323
Run	EGAR00002862431	ena-RUN-ErasmusMC-12-07-2021-10:03:14:925-324
Run	EGAR00002862432	ena-RUN-ErasmusMC-12-07-2021-10:03:14:925-325
Run	EGAR00002862433	ena-RUN-ErasmusMC-12-07-2021-10:03:14:925-326
Run	EGAR00002862434	ena-RUN-ErasmusMC-12-07-2021-10:03:14:925-327
Run	EGAR00002862435	ena-RUN-ErasmusMC-12-07-2021-10:03:14:925-328
Run	EGAR00002862436	ena-RUN-ErasmusMC-12-07-2021-10:03:14:925-329
Run	EGAR00002862437	ena-RUN-ErasmusMC-12-07-2021-10:03:14:925-330
Run	EGAR00002862438	ena-RUN-ErasmusMC-12-07-2021-10:03:14:925-331
Run	EGAR00002862439	ena-RUN-ErasmusMC-12-07-2021-10:03:14:925-332
Run	EGAR00002862440	ena-RUN-ErasmusMC-12-07-2021-10:03:14:925-333
Run	EGAR00002862441	ena-RUN-ErasmusMC-12-07-2021-10:03:14:926-334
Run	EGAR00002862442	ena-RUN-ErasmusMC-12-07-2021-10:03:14:926-335
Run	EGAR00002862443	ena-RUN-ErasmusMC-12-07-2021-10:03:14:926-336
Run	EGAR00002862444	ena-RUN-ErasmusMC-12-07-2021-10:03:14:926-337
Run	EGAR00002862445	ena-RUN-ErasmusMC-12-07-2021-10:03:14:926-338
Run	EGAR00002862446	ena-RUN-ErasmusMC-12-07-2021-10:03:14:926-339
Run	EGAR00002862447	ena-RUN-ErasmusMC-12-07-2021-10:03:14:926-340
Run	EGAR00002862448	ena-RUN-ErasmusMC-12-07-2021-10:03:14:926-341
Run	EGAR00002862449	ena-RUN-ErasmusMC-12-07-2021-10:03:14:926-342
Run	EGAR00002862450	ena-RUN-ErasmusMC-12-07-2021-10:03:14:926-343
Run	EGAR00002862451	ena-RUN-ErasmusMC-12-07-2021-10:03:14:926-344
Run	EGAR00002862452	ena-RUN-ErasmusMC-12-07-2021-10:03:14:926-345
Run	EGAR00002862453	ena-RUN-ErasmusMC-12-07-2021-10:03:14:926-346
Run	EGAR00002862454	ena-RUN-ErasmusMC-12-07-2021-10:03:14:926-347
Run	EGAR00002862455	ena-RUN-ErasmusMC-12-07-2021-10:03:14:926-348
Run	EGAR00002862456	ena-RUN-ErasmusMC-12-07-2021-10:03:14:926-349
Run	EGAR00002862457	ena-RUN-ErasmusMC-12-07-2021-10:03:14:926-350
Run	EGAR00002862458	ena-RUN-ErasmusMC-12-07-2021-10:03:14:926-351
Run	EGAR00002862459	ena-RUN-ErasmusMC-12-07-2021-10:03:14:926-352
Run	EGAR00002862460	ena-RUN-ErasmusMC-12-07-2021-10:03:14:926-353
Run	EGAR00002862461	ena-RUN-ErasmusMC-12-07-2021-10:03:14:926-354
Run	EGAR00002862462	ena-RUN-ErasmusMC-12-07-2021-10:03:14:926-355
Run	EGAR00002862463	ena-RUN-ErasmusMC-12-07-2021-10:03:14:926-356
Run	EGAR00002862464	ena-RUN-ErasmusMC-12-07-2021-10:03:14:926-357
Run	EGAR00002862465	ena-RUN-ErasmusMC-12-07-2021-10:03:14:926-358
Run	EGAR00002862466	ena-RUN-ErasmusMC-12-07-2021-10:03:14:927-359
Run	EGAR00002862467	ena-RUN-ErasmusMC-12-07-2021-10:03:14:927-360
Run	EGAR00002862468	ena-RUN-ErasmusMC-12-07-2021-10:03:14:927-361
Run	EGAR00002862469	ena-RUN-ErasmusMC-12-07-2021-10:03:14:927-362
Run	EGAR00002862470	ena-RUN-ErasmusMC-12-07-2021-10:03:14:927-363
Run	EGAR00002862471	ena-RUN-ErasmusMC-12-07-2021-10:03:14:927-364
Run	EGAR00002862472	ena-RUN-ErasmusMC-12-07-2021-10:03:14:927-365
Run	EGAR00002862473	ena-RUN-ErasmusMC-12-07-2021-10:03:14:927-366
Run	EGAR00002862474	ena-RUN-ErasmusMC-12-07-2021-10:03:14:927-367
Run	EGAR00002862475	ena-RUN-ErasmusMC-12-07-2021-10:03:14:927-368
Run	EGAR00002862476	ena-RUN-ErasmusMC-12-07-2021-10:03:14:927-369
Run	EGAR00002862477	ena-RUN-ErasmusMC-12-07-2021-10:03:14:927-370
Run	EGAR00002862478	ena-RUN-ErasmusMC-12-07-2021-10:03:14:927-371
Run	EGAR00002862479	ena-RUN-ErasmusMC-12-07-2021-10:03:14:927-372
Run	EGAR00002862480	ena-RUN-ErasmusMC-12-07-2021-10:03:14:927-373
Run	EGAR00002862481	ena-RUN-ErasmusMC-12-07-2021-10:03:14:927-374
Run	EGAR00002862482	ena-RUN-ErasmusMC-12-07-2021-10:03:14:927-375
Run	EGAR00002862483	ena-RUN-ErasmusMC-12-07-2021-10:03:14:927-376
Run	EGAR00002862484	ena-RUN-ErasmusMC-12-07-2021-10:03:14:927-377
Run	EGAR00002862485	ena-RUN-ErasmusMC-12-07-2021-10:03:14:927-378
Run	EGAR00002862486	ena-RUN-ErasmusMC-12-07-2021-10:03:14:927-379
Run	EGAR00002862487	ena-RUN-ErasmusMC-12-07-2021-10:03:14:927-380
Run	EGAR00002862488	ena-RUN-ErasmusMC-12-07-2021-10:03:14:927-381
Run	EGAR00002862489	ena-RUN-ErasmusMC-12-07-2021-10:03:14:928-382
Run	EGAR00002862490	ena-RUN-ErasmusMC-12-07-2021-10:03:14:928-383
Run	EGAR00002862491	ena-RUN-ErasmusMC-12-07-2021-10:03:14:928-384
Run	EGAR00002862492	ena-RUN-ErasmusMC-12-07-2021-10:03:14:928-385
Run	EGAR00002862493	ena-RUN-ErasmusMC-12-07-2021-10:03:14:928-386
Run	EGAR00002862494	ena-RUN-ErasmusMC-12-07-2021-10:03:14:928-387
Run	EGAR00002862495	ena-RUN-ErasmusMC-12-07-2021-10:03:14:928-388
Run	EGAR00002862496	ena-RUN-ErasmusMC-12-07-2021-10:03:14:928-389
Run	EGAR00002862497	ena-RUN-ErasmusMC-12-07-2021-10:03:14:928-390
Run	EGAR00002862498	ena-RUN-ErasmusMC-12-07-2021-10:03:14:928-391
Run	EGAR00002862499	ena-RUN-ErasmusMC-12-07-2021-10:03:14:928-392
Run	EGAR00002862500	ena-RUN-ErasmusMC-12-07-2021-10:03:14:928-393
Run	EGAR00002862501	ena-RUN-ErasmusMC-12-07-2021-10:03:14:928-394
Run	EGAR00002862502	ena-RUN-ErasmusMC-12-07-2021-10:03:14:928-395
Run	EGAR00002862503	ena-RUN-ErasmusMC-12-07-2021-10:03:14:928-396
Run	EGAR00002862504	ena-RUN-ErasmusMC-12-07-2021-10:03:14:928-397
Run	EGAR00002862505	ena-RUN-ErasmusMC-12-07-2021-10:03:14:928-398
Run	EGAR00002862506	ena-RUN-ErasmusMC-12-07-2021-10:03:14:928-399
Run	EGAR00002862507	ena-RUN-ErasmusMC-12-07-2021-10:03:14:928-400
Run	EGAR00002862508	ena-RUN-ErasmusMC-12-07-2021-10:03:14:928-401
Run	EGAR00002862509	ena-RUN-ErasmusMC-12-07-2021-10:03:14:928-402
Run	EGAR00002862510	ena-RUN-ErasmusMC-12-07-2021-10:03:14:928-403
Run	EGAR00002862511	ena-RUN-ErasmusMC-12-07-2021-10:03:14:928-404
Run	EGAR00002862512	ena-RUN-ErasmusMC-12-07-2021-10:03:14:928-405
Run	EGAR00002862513	ena-RUN-ErasmusMC-12-07-2021-10:03:14:929-406